league,date,slug,g1_winner,g2_winner,series_winner,struct,prematch_price_available
LCK,2026-03-30,lol-ktc-dnsc-2026-03-30,KT Rolster Challengers,KT Rolster Challengers,KT Rolster Challengers,2:0 横扫,否（无赛前价存档）
LCK,2026-03-30,lol-foxy-hle-2026-03-30,Hanwha Life Esports Challengers,Hanwha Life Esports Challengers,Hanwha Life Esports Challengers,2:0 横扫,否（无赛前价存档）
LCK,2026-03-30,lol-bro1-nsea-2026-03-30,Nongshim Esports Academy,HANJIN BRION Challengers,Nongshim Esports Academy,2:1 打满,否（无赛前价存档）
LCK,2026-03-31,lol-drxc-t1a-2026-03-31,T1 Academy,Kiwoom DRX Challengers,T1 Academy,2:1 打满,否（无赛前价存档）
LCK,2026-03-31,lol-dkc-genga-2026-03-31,Dplus KIA Challengers,Dplus KIA Challengers,Dplus KIA Challengers,2:0 横扫,否（无赛前价存档）
LCK,2026-04-01,lol-hle1-bro2-2026-04-01,Hanwha Life Esports,Hanwha Life Esports,Hanwha Life Esports,2:0 横扫,否（无赛前价存档）
LCK,2026-04-01,lol-t1-kt-2026-04-01,KT Rolster,KT Rolster,KT Rolster,2:0 横扫,否（无赛前价存档）
LCK,2026-04-02,lol-dk-ns-2026-04-02,Nongshim Red Force,Nongshim Red Force,Nongshim Red Force,2:0 横扫,否（无赛前价存档）
LCK,2026-04-02,lol-drx-dnf-2026-04-02,DN SOOPers,DN SOOPers,DN SOOPers,2:0 横扫,否（无赛前价存档）
LCK,2026-04-02,lol-drxc-ktc-2026-04-02,Kiwoom DRX Challengers,KT Rolster Challengers,Kiwoom DRX Challengers,2:1 打满,否（无赛前价存档）
LCK,2026-04-02,lol-genga-bro1-2026-04-02,HANJIN BRION Challengers,Gen.G Global Academy,HANJIN BRION Challengers,2:1 打满,否（无赛前价存档）
LCK,2026-04-03,lol-gen-kt-2026-04-03,KT Rolster,Gen.G,KT Rolster,2:1 打满,否（无赛前价存档）
LCK,2026-04-03,lol-fox1-bro2-2026-04-03,HANJIN BRION,HANJIN BRION,HANJIN BRION,2:0 横扫,否（无赛前价存档）
LCK,2026-04-03,lol-hle-t1a-2026-04-03,T1 Academy,T1 Academy,T1 Academy,2:0 横扫,否（无赛前价存档）
LCK,2026-04-03,lol-dnsc-dkc-2026-04-03,Dplus KIA Challengers,Dplus KIA Challengers,Dplus KIA Challengers,2:0 横扫,否（无赛前价存档）
LCK,2026-04-03,lol-nsea-foxy-2026-04-03,Nongshim Esports Academy,Nongshim Esports Academy,Nongshim Esports Academy,2:0 横扫,否（无赛前价存档）
LCK,2026-04-04,lol-t1-hle1-2026-04-04,T1,T1,T1,2:0 横扫,否（无赛前价存档）
LCK,2026-04-04,lol-drx-dk-2026-04-04,Dplus KIA,Dplus KIA,Dplus KIA,2:0 横扫,否（无赛前价存档）
LCK,2026-04-05,lol-ns-dnf-2026-04-05,Nongshim Red Force,Nongshim Red Force,Nongshim Red Force,2:0 横扫,否（无赛前价存档）
LCK,2026-04-05,lol-gen-fox1-2026-04-05,Gen.G,Gen.G,Gen.G,2:0 横扫,否（无赛前价存档）
LCK,2026-04-06,lol-ktc-dkc-2026-04-06,KT Rolster Challengers,Dplus KIA Challengers,KT Rolster Challengers,2:1 打满,否（无赛前价存档）
LCK,2026-04-06,lol-foxy-genga-2026-04-06,Gen.G Global Academy,BNK FearX Youth,BNK FearX Youth,2:1 打满,否（无赛前价存档）
LCK,2026-04-06,lol-bro1-dnsc-2026-04-06,DN SOOPers Challengers,HANJIN BRION Challengers,DN SOOPers Challengers,2:1 打满,否（无赛前价存档）
LCK,2026-04-07,lol-hle-drxc-2026-04-07,Kiwoom DRX Challengers,Kiwoom DRX Challengers,Kiwoom DRX Challengers,2:0 横扫,否（无赛前价存档）
LCK,2026-04-07,lol-t1a-nsea-2026-04-07,Nongshim Esports Academy,T1 Academy,T1 Academy,2:1 打满,否（无赛前价存档）
LCK,2026-04-08,lol-dk-hle1-2026-04-08,Hanwha Life Esports,Hanwha Life Esports,Hanwha Life Esports,2:0 横扫,否（无赛前价存档）
LCK,2026-04-08,lol-t1-gen-2026-04-08,Gen.G,Gen.G,Gen.G,2:0 横扫,否（无赛前价存档）
LCK,2026-04-09,lol-dkc-bro1-2026-04-09,Dplus KIA Challengers,HANJIN BRION Challengers,Dplus KIA Challengers,2:1 打满,否（无赛前价存档）
LCK,2026-04-09,lol-genga-t1a-2026-04-09,T1 Academy,Gen.G Global Academy,T1 Academy,2:1 打满,否（无赛前价存档）
LCK,2026-04-09,lol-dnsc-foxy-2026-04-09,DN SOOPers Challengers,BNK FearX Youth,DN SOOPers Challengers,2:1 打满,否（无赛前价存档）
LCK,2026-04-09,lol-bro2-drx-2026-04-09,HANJIN BRION,Kiwoom DRX,Kiwoom DRX,2:1 打满,否（无赛前价存档）
LCK,2026-04-09,lol-kt-ns-2026-04-09,KT Rolster,KT Rolster,KT Rolster,2:0 横扫,否（无赛前价存档）
LCK,2026-04-10,lol-ktc-hle-2026-04-10,Hanwha Life Esports Challengers,Hanwha Life Esports Challengers,Hanwha Life Esports Challengers,2:0 横扫,否（无赛前价存档）
LCK,2026-04-10,lol-nsea-drxc-2026-04-10,Nongshim Esports Academy,Kiwoom DRX Challengers,Nongshim Esports Academy,2:1 打满,否（无赛前价存档）
LCK,2026-04-10,lol-hle1-fox1-2026-04-10,Hanwha Life Esports,BNK FEARX,Hanwha Life Esports,2:1 打满,否（无赛前价存档）
LCK,2026-04-10,lol-dnf-t1-2026-04-10,T1,T1,T1,2:0 横扫,否（无赛前价存档）
LCK,2026-04-11,lol-ns-drx-2026-04-11,Kiwoom DRX,Kiwoom DRX,Kiwoom DRX,2:0 横扫,否（无赛前价存档）
LCK,2026-04-11,lol-dk-gen-2026-04-11,Dplus KIA,Dplus KIA,Dplus KIA,2:0 横扫,否（无赛前价存档）
LCK,2026-04-12,lol-fox1-dnf-2026-04-12,BNK FEARX,BNK FEARX,BNK FEARX,2:0 横扫,否（无赛前价存档）
LCK,2026-04-12,lol-bro2-kt-2026-04-12,KT Rolster,KT Rolster,KT Rolster,2:0 横扫,否（无赛前价存档）
LCK,2026-04-13,lol-bro1-ktc-2026-04-13,KT Rolster Challengers,KT Rolster Challengers,KT Rolster Challengers,2:0 横扫,否（无赛前价存档）
LCK,2026-04-13,lol-nsea-hle-2026-04-13,Hanwha Life Esports Challengers,Hanwha Life Esports Challengers,Hanwha Life Esports Challengers,2:0 横扫,否（无赛前价存档）
LCK,2026-04-13,lol-genga-drxc-2026-04-13,Gen.G Global Academy,Gen.G Global Academy,Gen.G Global Academy,2:0 横扫,否（无赛前价存档）
LCK,2026-04-14,lol-foxy-dkc-2026-04-14,Dplus KIA Challengers,BNK FearX Youth,Dplus KIA Challengers,2:1 打满,否（无赛前价存档）
LCK,2026-04-14,lol-dnsc-t1a-2026-04-14,DN SOOPers Challengers,T1 Academy,T1 Academy,2:1 打满,否（无赛前价存档）
LCK,2026-04-15,lol-ns-fox1-2026-04-15,Nongshim Red Force,Nongshim Red Force,Nongshim Red Force,2:0 横扫,否（无赛前价存档）
LCK,2026-04-15,lol-kt-dk-2026-04-15,Dplus KIA,KT Rolster,KT Rolster,2:1 打满,否（无赛前价存档）
LCK,2026-04-16,lol-nsea-ktc-2026-04-16,KT Rolster Challengers,Nongshim Esports Academy,Nongshim Esports Academy,2:1 打满,否（无赛前价存档）
LCK,2026-04-16,lol-hle-genga-2026-04-16,Gen.G Global Academy,Hanwha Life Esports Challengers,Gen.G Global Academy,2:1 打满,否（无赛前价存档）
LCK,2026-04-16,lol-drxc-dnsc-2026-04-16,Kiwoom DRX Challengers,DN SOOPers Challengers,DN SOOPers Challengers,2:1 打满,否（无赛前价存档）
LCK,2026-04-16,lol-bro2-gen-2026-04-16,Gen.G,Gen.G,Gen.G,2:0 横扫,否（无赛前价存档）
LCK,2026-04-16,lol-dnf-hle1-2026-04-16,Hanwha Life Esports,Hanwha Life Esports,Hanwha Life Esports,2:0 横扫,否（无赛前价存档）
LCK,2026-04-17,lol-bro1-foxy-2026-04-17,BNK FearX Youth,BNK FearX Youth,BNK FearX Youth,2:0 横扫,否（无赛前价存档）
LCK,2026-04-17,lol-t1a-dkc-2026-04-17,Dplus KIA Challengers,Dplus KIA Challengers,Dplus KIA Challengers,2:0 横扫,否（无赛前价存档）
LCK,2026-04-17,lol-drx-fox1-2026-04-17,BNK FEARX,BNK FEARX,BNK FEARX,2:0 横扫,否（无赛前价存档）
LCK,2026-04-17,lol-dk-t1-2026-04-17,Dplus KIA,T1,Dplus KIA,2:1 打满,否（无赛前价存档）
LCK,2026-04-18,lol-dnf-kt-2026-04-18,KT Rolster,KT Rolster,KT Rolster,2:0 横扫,否（无赛前价存档）
LCK,2026-04-18,lol-hle1-gen-2026-04-18,Hanwha Life Esports,Hanwha Life Esports,Hanwha Life Esports,2:0 横扫,否（无赛前价存档）
LCK,2026-04-19,lol-bro2-ns-2026-04-19,HANJIN BRION,Nongshim Red Force,Nongshim Red Force,2:1 打满,否（无赛前价存档）
LCK,2026-04-19,lol-drx-t1-2026-04-19,T1,T1,T1,2:0 横扫,否（无赛前价存档）
LCK,2026-04-20,lol-genga-nsea-2026-04-20,Nongshim Esports Academy,Nongshim Esports Academy,Nongshim Esports Academy,2:0 横扫,否（无赛前价存档）
LCK,2026-04-20,lol-foxy-ktc-2026-04-20,BNK FearX Youth,KT Rolster Challengers,KT Rolster Challengers,2:1 打满,否（无赛前价存档）
LCK,2026-04-21,lol-hle-dnsc-2026-04-21,Hanwha Life Esports Challengers,DN SOOPers Challengers,DN SOOPers Challengers,2:1 打满,否（无赛前价存档）
LCK,2026-04-21,lol-dkc-drxc-2026-04-21,Dplus KIA Challengers,Kiwoom DRX Challengers,Kiwoom DRX Challengers,2:1 打满,否（无赛前价存档）
LCK,2026-04-22,lol-kt-drx-2026-04-22,KT Rolster,KT Rolster,KT Rolster,2:0 横扫,否（无赛前价存档）
LCK,2026-04-22,lol-hle1-ns-2026-04-22,Hanwha Life Esports,Nongshim Red Force,Hanwha Life Esports,2:1 打满,否（无赛前价存档）
LCK,2026-04-23,lol-hle-dkc-2026-04-23,Dplus KIA Challengers,Hanwha Life Esports Challengers,Dplus KIA Challengers,2:1 打满,否（无赛前价存档）
LCK,2026-04-23,lol-drxc-bro1-2026-04-23,Kiwoom DRX Challengers,Kiwoom DRX Challengers,Kiwoom DRX Challengers,2:0 横扫,否（无赛前价存档）
LCK,2026-04-23,lol-gen-dnf-2026-04-23,Gen.G,Gen.G,Gen.G,2:0 横扫,否（无赛前价存档）
LCK,2026-04-23,lol-bro2-dk-2026-04-23,Dplus KIA,Dplus KIA,Dplus KIA,2:0 横扫,否（无赛前价存档）
LCK,2026-04-24,lol-ktc-genga-2026-04-24,KT Rolster Challengers,KT Rolster Challengers,KT Rolster Challengers,2:0 横扫,否（无赛前价存档）
LCK,2026-04-24,lol-nsea-dnsc-2026-04-24,Nongshim Esports Academy,DN SOOPers Challengers,Nongshim Esports Academy,2:1 打满,否（无赛前价存档）
LCK,2026-04-24,lol-hle1-drx-2026-04-24,Hanwha Life Esports,Hanwha Life Esports,Hanwha Life Esports,2:0 横扫,否（无赛前价存档）
LCK,2026-04-24,lol-fox1-kt-2026-04-24,KT Rolster,KT Rolster,KT Rolster,2:0 横扫,否（无赛前价存档）
LCK,2026-04-25,lol-t1-bro2-2026-04-25,T1,T1,T1,2:0 横扫,否（无赛前价存档）
LCK,2026-04-25,lol-dk-dnf-2026-04-25,Dplus KIA,Dplus KIA,Dplus KIA,2:0 横扫,否（无赛前价存档）
LCK,2026-04-25,lol-t1a-bro1-2026-04-25,T1 Academy,T1 Academy,T1 Academy,2:0 横扫,否（无赛前价存档）
LCK,2026-04-26,lol-t1-fox1-2026-04-26,T1,T1,T1,2:0 横扫,否（无赛前价存档）
LCK,2026-04-26,lol-ns-gen-2026-04-26,Gen.G,Gen.G,Gen.G,2:0 横扫,否（无赛前价存档）
LCK,2026-04-26,lol-t1a-foxy-2026-04-26,T1 Academy,BNK FearX Youth,T1 Academy,2:1 打满,否（无赛前价存档）
LCK,2026-04-27,lol-bro1-hle-2026-04-27,HANJIN BRION Challengers,HANJIN BRION Challengers,HANJIN BRION Challengers,2:0 横扫,否（无赛前价存档）
LCK,2026-04-27,lol-dnsc-genga-2026-04-27,DN SOOPers Challengers,DN SOOPers Challengers,DN SOOPers Challengers,2:0 横扫,否（无赛前价存档）
LCK,2026-04-27,lol-dkc-nsea-2026-04-27,Dplus KIA Challengers,Dplus KIA Challengers,Dplus KIA Challengers,2:0 横扫,否（无赛前价存档）
LCK,2026-04-28,lol-foxy-drxc-2026-04-28,BNK FearX Youth,BNK FearX Youth,BNK FearX Youth,2:0 横扫,否（无赛前价存档）
LCK,2026-04-28,lol-ktc-t1a-2026-04-28,KT Rolster Challengers,T1 Academy,T1 Academy,2:1 打满,否（无赛前价存档）
LCK,2026-04-29,lol-ns-t1-2026-04-29,T1,T1,T1,2:0 横扫,否（无赛前价存档）
LCK,2026-04-29,lol-kt-hle1-2026-04-29,Hanwha Life Esports,Hanwha Life Esports,Hanwha Life Esports,2:0 横扫,否（无赛前价存档）
LCK,2026-04-30,lol-dnsc-ktc-2026-04-30,KT Rolster Challengers,KT Rolster Challengers,KT Rolster Challengers,2:0 横扫,否（无赛前价存档）
LCK,2026-04-30,lol-genga-dkc-2026-04-30,Gen.G Global Academy,Dplus KIA Challengers,Dplus KIA Challengers,2:1 打满,否（无赛前价存档）
LCK,2026-04-30,lol-nsea-bro1-2026-04-30,HANJIN BRION Challengers,HANJIN BRION Challengers,HANJIN BRION Challengers,2:0 横扫,否（无赛前价存档）
LCK,2026-04-30,lol-gen-drx-2026-04-30,Gen.G,Kiwoom DRX,Gen.G,2:1 打满,否（无赛前价存档）
LCK,2026-04-30,lol-fox1-dk-2026-04-30,Dplus KIA,Dplus KIA,Dplus KIA,2:0 横扫,否（无赛前价存档）
LCK,2026-05-01,lol-hle-foxy-2026-05-01,BNK FearX Youth,Hanwha Life Esports Challengers,BNK FearX Youth,2:1 打满,否（无赛前价存档）
LCK,2026-05-01,lol-t1a-drxc-2026-05-01,Kiwoom DRX Challengers,Kiwoom DRX Challengers,Kiwoom DRX Challengers,2:0 横扫,否（无赛前价存档）
LCK,2026-05-01,lol-dnf-bro2-2026-05-01,HANJIN BRION,HANJIN BRION,HANJIN BRION,2:0 横扫,否（无赛前价存档）
LCK,2026-05-01,lol-hle1-t1-2026-05-01,Hanwha Life Esports,T1,Hanwha Life Esports,2:1 打满,否（无赛前价存档）
LCK,2026-05-02,lol-drx-ns-2026-05-02,Kiwoom DRX,Kiwoom DRX,Kiwoom DRX,2:0 横扫,否（无赛前价存档）
LCK,2026-05-02,lol-gen-dk-2026-05-02,Gen.G,Dplus KIA,Gen.G,2:1 打满,否（无赛前价存档）
LCK,2026-05-03,lol-kt-bro2-2026-05-03,HANJIN BRION,HANJIN BRION,HANJIN BRION,2:0 横扫,否（无赛前价存档）
LCK,2026-05-03,lol-dnf-fox1-2026-05-03,BNK FEARX,BNK FEARX,BNK FEARX,2:0 横扫,否（无赛前价存档）
LCK,2026-05-04,lol-ktc-drxc-2026-05-04,Kiwoom DRX Challengers,Kiwoom DRX Challengers,Kiwoom DRX Challengers,2:0 横扫,否（无赛前价存档）
LCK,2026-05-04,lol-t1a-hle-2026-05-04,T1 Academy,T1 Academy,T1 Academy,2:0 横扫,否（无赛前价存档）
LCK,2026-05-04,lol-dkc-dnsc-2026-05-04,DN SOOPers Challengers,DN SOOPers Challengers,DN SOOPers Challengers,2:0 横扫,否（无赛前价存档）
LCK,2026-05-05,lol-bro1-genga-2026-05-05,HANJIN BRION Challengers,HANJIN BRION Challengers,HANJIN BRION Challengers,2:0 横扫,否（无赛前价存档）
LCK,2026-05-05,lol-foxy-nsea-2026-05-05,BNK FearX Youth,Nongshim Esports Academy,Nongshim Esports Academy,2:1 打满,否（无赛前价存档）
LCK,2026-05-06,lol-gen-ns-2026-05-06,Gen.G,Gen.G,Gen.G,2:0 横扫,否（无赛前价存档）
LCK,2026-05-06,lol-hle1-dnf-2026-05-06,Hanwha Life Esports,Hanwha Life Esports,Hanwha Life Esports,2:0 横扫,否（无赛前价存档）
LCK,2026-05-07,lol-genga-foxy-2026-05-07,BNK FearX Youth,Gen.G Global Academy,BNK FearX Youth,2:1 打满,否（无赛前价存档）
LCK,2026-05-07,lol-drxc-hle-2026-05-07,Hanwha Life Esports Challengers,Hanwha Life Esports Challengers,Hanwha Life Esports Challengers,2:0 横扫,否（无赛前价存档）
LCK,2026-05-07,lol-nsea-t1a-2026-05-07,Nongshim Esports Academy,Nongshim Esports Academy,Nongshim Esports Academy,2:0 横扫,否（无赛前价存档）
LCK,2026-05-07,lol-dk-kt-2026-05-07,KT Rolster,KT Rolster,KT Rolster,2:0 横扫,否（无赛前价存档）
LCK,2026-05-07,lol-bro2-fox1-2026-05-07,HANJIN BRION,HANJIN BRION,HANJIN BRION,2:0 横扫,否（无赛前价存档）
LCK,2026-05-08,lol-dnsc-bro1-2026-05-08,HANJIN BRION Challengers,DN SOOPers Challengers,DN SOOPers Challengers,2:1 打满,否（无赛前价存档）
LCK,2026-05-08,lol-drx-gen-2026-05-08,Gen.G,Gen.G,Gen.G,2:0 横扫,否（无赛前价存档）
LCK,2026-05-08,lol-t1-dnf-2026-05-08,T1,T1,T1,2:0 横扫,否（无赛前价存档）
LCK,2026-05-08,lol-dkc-ktc-2026-05-08,KT Rolster Challengers,KT Rolster Challengers,KT Rolster Challengers,2:0 横扫,否（无赛前价存档）
LCK,2026-05-09,lol-ns-bro2-2026-05-09,HANJIN BRION,HANJIN BRION,HANJIN BRION,2:0 横扫,否（无赛前价存档）
LCK,2026-05-09,lol-kt-fox1-2026-05-09,BNK FEARX,BNK FEARX,BNK FEARX,2:0 横扫,否（无赛前价存档）
LCK,2026-05-10,lol-drx-hle1-2026-05-10,Kiwoom DRX,Hanwha Life Esports,Hanwha Life Esports,2:1 打满,否（无赛前价存档）
LCK,2026-05-10,lol-t1-dk-2026-05-10,T1,T1,T1,2:0 横扫,否（无赛前价存档）
LCK,2026-05-11,lol-t1a-genga-2026-05-11,T1 Academy,T1 Academy,T1 Academy,2:0 横扫,否（无赛前价存档）
LCK,2026-05-11,lol-drxc-nsea-2026-05-11,Kiwoom DRX Challengers,Nongshim Esports Academy,Nongshim Esports Academy,2:1 打满,否（无赛前价存档）
LCK,2026-05-11,lol-foxy-dnsc-2026-05-11,DN SOOPers Challengers,DN SOOPers Challengers,DN SOOPers Challengers,2:0 横扫,否（无赛前价存档）
LCK,2026-05-12,lol-bro1-dkc-2026-05-12,Dplus KIA Challengers,Dplus KIA Challengers,Dplus KIA Challengers,2:0 横扫,否（无赛前价存档）
LCK,2026-05-12,lol-hle-ktc-2026-05-12,KT Rolster Challengers,KT Rolster Challengers,KT Rolster Challengers,2:0 横扫,否（无赛前价存档）
LCK,2026-05-13,lol-t1-ns-2026-05-13,T1,T1,T1,2:0 横扫,否（无赛前价存档）
LCK,2026-05-13,lol-dnf-dk-2026-05-13,Dplus KIA,Dplus KIA,Dplus KIA,2:0 横扫,否（无赛前价存档）
LCK,2026-05-14,lol-ktc-bro1-2026-05-14,KT Rolster Challengers,HANJIN BRION Challengers,KT Rolster Challengers,2:1 打满,否（无赛前价存档）
LCK,2026-05-14,lol-dkc-foxy-2026-05-14,BNK FearX Youth,Dplus KIA Challengers,Dplus KIA Challengers,2:1 打满,否（无赛前价存档）
LCK,2026-05-14,lol-t1a-dnsc-2026-05-14,T1 Academy,DN SOOPers Challengers,T1 Academy,2:1 打满,否（无赛前价存档）
LCK,2026-05-14,lol-fox1-gen-2026-05-14,Gen.G,Gen.G,Gen.G,2:0 横扫,否（无赛前价存档）
LCK,2026-05-14,lol-drx-kt-2026-05-14,KT Rolster,Kiwoom DRX,KT Rolster,2:1 打满,否（无赛前价存档）
LCK,2026-05-15,lol-drxc-genga-2026-05-15,Kiwoom DRX Challengers,Kiwoom DRX Challengers,Kiwoom DRX Challengers,2:0 横扫,否（无赛前价存档）
LCK,2026-05-15,lol-hle-nsea-2026-05-15,Nongshim Esports Academy,Hanwha Life Esports Challengers,Nongshim Esports Academy,2:1 打满,否（无赛前价存档）
LCK,2026-05-15,lol-hle1-dk-2026-05-15,Hanwha Life Esports,Hanwha Life Esports,Hanwha Life Esports,2:0 横扫,否（无赛前价存档）
LCK,2026-05-15,lol-bro2-dnf-2026-05-15,HANJIN BRION,HANJIN BRION,HANJIN BRION,2:0 横扫,否（无赛前价存档）
LCK,2026-05-16,lol-fox1-ns-2026-05-16,BNK FEARX,BNK FEARX,BNK FEARX,2:0 横扫,否（无赛前价存档）
LCK,2026-05-16,lol-gen-t1-2026-05-16,Gen.G,T1,T1,2:1 打满,否（无赛前价存档）
LCK,2026-05-17,lol-hle1-kt-2026-05-17,KT Rolster,Hanwha Life Esports,KT Rolster,2:1 打满,否（无赛前价存档）
LCK,2026-05-17,lol-drx-bro2-2026-05-17,HANJIN BRION,Kiwoom DRX,Kiwoom DRX,2:1 打满,否（无赛前价存档）
LCK,2026-05-18,lol-genga-hle-2026-05-18,Hanwha Life Esports Challengers,Hanwha Life Esports Challengers,Hanwha Life Esports Challengers,2:0 横扫,否（无赛前价存档）
LCK,2026-05-18,lol-dnsc-drxc-2026-05-18,DN SOOPers Challengers,Kiwoom DRX Challengers,Kiwoom DRX Challengers,2:1 打满,否（无赛前价存档）
LCK,2026-05-18,lol-dkc-t1a-2026-05-18,T1 Academy,T1 Academy,T1 Academy,2:0 横扫,否（无赛前价存档）
LCK,2026-05-19,lol-ktc-nsea-2026-05-19,Nongshim Esports Academy,KT Rolster Challengers,Nongshim Esports Academy,2:1 打满,否（无赛前价存档）
LCK,2026-05-19,lol-foxy-bro1-2026-05-19,BNK FearX Youth,BNK FearX Youth,BNK FearX Youth,2:0 横扫,否（无赛前价存档）
LCK,2026-05-20,lol-t1-drx-2026-05-20,T1,Kiwoom DRX,T1,2:1 打满,否（无赛前价存档）
LCK,2026-05-20,lol-ns-kt-2026-05-20,Nongshim Red Force,KT Rolster,KT Rolster,2:1 打满,否（无赛前价存档）
LCK,2026-05-21,lol-dnsc-hle-2026-05-21,DN SOOPers Challengers,DN SOOPers Challengers,DN SOOPers Challengers,2:0 横扫,否（无赛前价存档）
LCK,2026-05-21,lol-nsea-genga-2026-05-21,Nongshim Esports Academy,Nongshim Esports Academy,Nongshim Esports Academy,2:0 横扫,否（无赛前价存档）
LCK,2026-05-21,lol-drxc-dkc-2026-05-21,Dplus KIA Challengers,Dplus KIA Challengers,Dplus KIA Challengers,2:0 横扫,否（无赛前价存档）
LCK,2026-05-21,lol-fox1-hle1-2026-05-21,Hanwha Life Esports,Hanwha Life Esports,Hanwha Life Esports,2:0 横扫,否（无赛前价存档）
LCK,2026-05-21,lol-dk-bro2-2026-05-21,Dplus KIA,HANJIN BRION,Dplus KIA,2:1 打满,否（无赛前价存档）
LCK,2026-05-22,lol-ktc-foxy-2026-05-22,KT Rolster Challengers,BNK FearX Youth,KT Rolster Challengers,2:1 打满,否（无赛前价存档）
LCK,2026-05-22,lol-bro1-t1a-2026-05-22,T1 Academy,T1 Academy,T1 Academy,2:0 横扫,否（无赛前价存档）
LCK,2026-05-22,lol-dnf-drx-2026-05-22,Kiwoom DRX,Kiwoom DRX,Kiwoom DRX,2:0 横扫,否（无赛前价存档）
LCK,2026-05-22,lol-kt-gen-2026-05-22,Gen.G,Gen.G,Gen.G,2:0 横扫,否（无赛前价存档）
LCK,2026-05-23,lol-ns-hle1-2026-05-23,Nongshim Red Force,Hanwha Life Esports,Hanwha Life Esports,2:1 打满,否（无赛前价存档）
LCK,2026-05-23,lol-dk-fox1-2026-05-23,Dplus KIA,BNK FEARX,Dplus KIA,2:1 打满,否（无赛前价存档）
LCK,2026-05-24,lol-dnf-gen-2026-05-24,Gen.G,Gen.G,Gen.G,2:0 横扫,否（无赛前价存档）
LCK,2026-05-24,lol-bro2-t1-2026-05-24,T1,T1,T1,2:0 横扫,否（无赛前价存档）
LCK,2026-05-25,lol-dkc-hle-2026-05-25,Dplus KIA Challengers,Dplus KIA Challengers,Dplus KIA Challengers,2:0 横扫,否（无赛前价存档）
LCK,2026-05-25,lol-bro1-drxc-2026-05-25,Kiwoom DRX Challengers,Kiwoom DRX Challengers,Kiwoom DRX Challengers,2:0 横扫,否（无赛前价存档）
LCK,2026-05-25,lol-foxy-t1a-2026-05-25,BNK FearX Youth,T1 Academy,T1 Academy,2:1 打满,否（无赛前价存档）
LCK,2026-05-26,lol-dnsc-nsea-2026-05-26,DN SOOPers Challengers,DN SOOPers Challengers,DN SOOPers Challengers,2:0 横扫,否（无赛前价存档）
LCK,2026-05-26,lol-genga-ktc-2026-05-26,KT Rolster Challengers,KT Rolster Challengers,KT Rolster Challengers,2:0 横扫,否（无赛前价存档）
LCK,2026-05-27,lol-gen-hle1-2026-05-27,Hanwha Life Esports,Gen.G,Gen.G,2:1 打满,否（无赛前价存档）
LCK,2026-05-27,lol-fox1-drx-2026-05-27,BNK FEARX,Kiwoom DRX,BNK FEARX,2:1 打满,否（无赛前价存档）
LCK,2026-05-28,lol-t1a-ktc-2026-05-28,KT Rolster Challengers,T1 Academy,T1 Academy,2:1 打满,否（无赛前价存档）
LCK,2026-05-28,lol-drxc-foxy-2026-05-28,BNK FearX Youth,Kiwoom DRX Challengers,Kiwoom DRX Challengers,2:1 打满,否（无赛前价存档）
LCK,2026-05-28,lol-hle-bro1-2026-05-28,HANJIN BRION Challengers,Hanwha Life Esports Challengers,Hanwha Life Esports Challengers,2:1 打满,否（无赛前价存档）
LCK,2026-05-28,lol-dnf-ns-2026-05-28,DN SOOPers,Nongshim Red Force,Nongshim Red Force,2:1 打满,否（无赛前价存档）
LCK,2026-05-28,lol-kt-t1-2026-05-28,T1,T1,T1,2:0 横扫,否（无赛前价存档）
LCK,2026-05-29,lol-genga-dnsc-2026-05-29,DN SOOPers Challengers,DN SOOPers Challengers,DN SOOPers Challengers,2:0 横扫,否（无赛前价存档）
LCK,2026-05-29,lol-nsea-dkc-2026-05-29,Dplus KIA Challengers,Dplus KIA Challengers,Dplus KIA Challengers,2:0 横扫,否（无赛前价存档）
LCK,2026-05-29,lol-dk-drx-2026-05-29,Dplus KIA,Kiwoom DRX,Dplus KIA,2:1 打满,否（无赛前价存档）
LCK,2026-05-29,lol-gen-bro2-2026-05-29,Gen.G,Gen.G,Gen.G,2:0 横扫,否（无赛前价存档）
LCK,2026-05-30,lol-kt-dnf-2026-05-30,KT Rolster,KT Rolster,KT Rolster,2:0 横扫,否（无赛前价存档）
LCK,2026-05-30,lol-fox1-t1-2026-05-30,T1,T1,T1,2:0 横扫,否（无赛前价存档）
LCK,2026-05-31,lol-bro2-hle1-2026-05-31,Hanwha Life Esports,Hanwha Life Esports,Hanwha Life Esports,2:0 横扫,否（无赛前价存档）
LCK,2026-05-31,lol-ns-dk-2026-05-31,Dplus KIA,Dplus KIA,Dplus KIA,2:0 横扫,否（无赛前价存档）
LCK,2026-07-27,lol-t1a-nsea-2026-07-27,T1 Academy,Nongshim Esports Academy,T1 Academy,2:1 打满,是
LCK,2026-07-27,lol-genga-foxy-2026-07-27,BNK FearX Youth,Gen.G Global Academy,BNK FearX Youth,2:1 打满,是
LCK,2026-07-28,lol-hle-bro1-2026-07-28,HANJIN BRION Challengers,HANJIN BRION Challengers,HANJIN BRION Challengers,2:0 横扫,是
LCK,2026-07-28,lol-ktc-dkc-2026-07-28,Dplus KIA Challengers,KT Rolster Challengers,Dplus KIA Challengers,2:1 打满,是
LCK,2026-07-29,lol-drx-ns-2026-07-29,Nongshim Red Force,Nongshim Red Force,Nongshim Red Force,2:0 横扫,是
LCK,2026-07-29,lol-t1-kt-2026-07-29,KT Rolster,KT Rolster,KT Rolster,2:0 横扫,是
LCK,2026-07-29,lol-nsea-dnsc-2026-07-29,Nongshim Esports Academy,Nongshim Esports Academy,Nongshim Esports Academy,2:0 横扫,是
LCK,2026-07-29,lol-drxc-genga-2026-07-29,Kiwoom DRX Challengers,Kiwoom DRX Challengers,Kiwoom DRX Challengers,2:0 横扫,是
LCK,2026-07-30,lol-dnf-fox1-2026-07-30,BNK FEARX,BNK FEARX,BNK FEARX,2:0 横扫,是
LCK,2026-07-30,lol-hle1-dk-2026-07-30,Dplus KIA,Hanwha Life Esports,Dplus KIA,2:1 打满,是
LCK,2026-07-30,lol-dkc-t1a-2026-07-30,Dplus KIA Challengers,T1 Academy,Dplus KIA Challengers,2:1 打满,是
LCK,2026-07-30,lol-foxy-hle-2026-07-30,BNK FearX Youth,BNK FearX Youth,BNK FearX Youth,2:0 横扫,是
LCK,2026-07-31,lol-gen-t1-2026-07-31,T1,T1,T1,2:0 横扫,是
LCK,2026-07-31,lol-bro2-drx-2026-07-31,HANJIN BRION,Kiwoom DRX,Kiwoom DRX,2:1 打满,是
LCK,2026-07-31,lol-ktc-dnsc-2026-07-31,KT Rolster Challengers,DN SOOPers Challengers,KT Rolster Challengers,2:1 打满,是
LCK,2026-07-31,lol-drxc-bro1-2026-07-31,Kiwoom DRX Challengers,Kiwoom DRX Challengers,Kiwoom DRX Challengers,2:0 横扫,是
LCK,2026-08-01,lol-ns-fox1-2026-08-01,Nongshim Red Force,BNK FEARX,Nongshim Red Force,2:1 打满,是
LCK,2026-08-01,lol-gen-dk-2026-08-01,Dplus KIA,Dplus KIA,Dplus KIA,2:0 横扫,是
LCK,2026-08-02,lol-dnf-bro2-2026-08-02,DN SOOPers,HANJIN BRION,DN SOOPers,2:1 打满,是
LCK,2026-08-02,lol-kt-hle1-2026-08-02,KT Rolster,Hanwha Life Esports,KT Rolster,2:1 打满,是
LCK,2026-08-03,lol-bro1-foxy-2026-08-03,BNK FearX Youth,HANJIN BRION Challengers,BNK FearX Youth,2:1 打满,是
LCK,2026-08-03,lol-dnsc-dkc-2026-08-03,DN SOOPers Challengers,DN SOOPers Challengers,DN SOOPers Challengers,2:0 横扫,是
LCK,2026-08-04,lol-genga-hle-2026-08-04,Gen.G Global Academy,Hanwha Life Esports Challengers,Hanwha Life Esports Challengers,2:1 打满,是
LCK,2026-08-04,lol-t1a-ktc-2026-08-04,T1 Academy,T1 Academy,T1 Academy,2:0 横扫,是
LCK,2026-08-05,lol-dkc-nsea-2026-08-05,Nongshim Esports Academy,Dplus KIA Challengers,Dplus KIA Challengers,2:1 打满,是
LCK,2026-08-05,lol-foxy-drxc-2026-08-05,Kiwoom DRX Challengers,BNK FearX Youth,Kiwoom DRX Challengers,2:1 打满,是
LCK,2026-08-05,lol-bro2-ns-2026-08-05,HANJIN BRION,Nongshim Red Force,HANJIN BRION,2:1 打满,是
LCK,2026-08-05,lol-hle1-gen-2026-08-05,Gen.G,Hanwha Life Esports,Gen.G,2:1 打满,是
LCK,2026-08-06,lol-dnsc-t1a-2026-08-06,T1 Academy,DN SOOPers Challengers,T1 Academy,2:1 打满,是
LCK,2026-08-06,lol-bro1-genga-2026-08-06,Gen.G Global Academy,HANJIN BRION Challengers,HANJIN BRION Challengers,2:1 打满,是
LCK,2026-08-06,lol-drx-dnf-2026-08-06,Kiwoom DRX,Kiwoom DRX,Kiwoom DRX,2:0 横扫,是
LCK,2026-08-06,lol-dk-t1-2026-08-06,T1,T1,T1,2:0 横扫,是
LCK,2026-08-07,lol-nsea-ktc-2026-08-07,Nongshim Esports Academy,Nongshim Esports Academy,Nongshim Esports Academy,2:0 横扫,是
LCK,2026-08-07,lol-hle-drxc-2026-08-07,Kiwoom DRX Challengers,Hanwha Life Esports Challengers,Hanwha Life Esports Challengers,2:1 打满,是
LCK,2026-08-07,lol-kt-gen-2026-08-07,Gen.G,Gen.G,Gen.G,2:0 横扫,是
LCK,2026-08-07,lol-fox1-bro2-2026-08-07,HANJIN BRION,HANJIN BRION,HANJIN BRION,2:0 横扫,是
LCK,2026-08-08,lol-t1-hle1-2026-08-08,T1,Hanwha Life Esports,Hanwha Life Esports,2:1 打满,是
LCK,2026-08-08,lol-ns-dnf-2026-08-08,DN SOOPers,DN SOOPers,DN SOOPers,2:0 横扫,是
LEC,2026-03-28,lol-gx-fnc-2026-03-28,GIANTX,Fnatic,GIANTX,2:1 打满,否（无赛前价存档）
LEC,2026-03-28,lol-kc-vit-2026-03-28,Team Vitality,Karmine Corp,Karmine Corp,2:1 打满,否（无赛前价存档）
LEC,2026-03-28,lol-navi-mkoi-2026-03-28,Natus Vincere,Movistar KOI,Natus Vincere,2:1 打满,否（无赛前价存档）
LEC,2026-03-29,lol-mkoi-fnc-2026-03-29,Movistar KOI,Movistar KOI,Movistar KOI,2:0 横扫,否（无赛前价存档）
LEC,2026-03-29,lol-sk-th-2026-03-29,SK Gaming,Team Heretics,Team Heretics,2:1 打满,否（无赛前价存档）
LEC,2026-03-30,lol-th-vit-2026-03-30,Team Vitality,Team Vitality,Team Vitality,2:0 横扫,否（无赛前价存档）
LEC,2026-03-30,lol-navi-sk-2026-03-30,SK Gaming,Natus Vincere,Natus Vincere,2:1 打满,否（无赛前价存档）
LEC,2026-04-04,lol-sk-shft-2026-04-04,SK Gaming,SK Gaming,SK Gaming,2:0 横扫,否（无赛前价存档）
LEC,2026-04-04,lol-g2-th-2026-04-04,G2 Esports,G2 Esports,G2 Esports,2:0 横扫,否（无赛前价存档）
LEC,2026-04-04,lol-navi-vit-2026-04-04,Team Vitality,Team Vitality,Team Vitality,2:0 横扫,否（无赛前价存档）
LEC,2026-04-05,lol-sk-gx-2026-04-05,GIANTX,GIANTX,GIANTX,2:0 横扫,否（无赛前价存档）
LEC,2026-04-05,lol-fnc-g2-2026-04-05,G2 Esports,Fnatic,Fnatic,2:1 打满,否（无赛前价存档）
LEC,2026-04-06,lol-gx-th-2026-04-06,GIANTX,Team Heretics,GIANTX,2:1 打满,否（无赛前价存档）
LEC,2026-04-06,lol-vit-mkoi-2026-04-06,Team Vitality,Movistar KOI,Team Vitality,2:1 打满,否（无赛前价存档）
LEC,2026-04-11,lol-mkoi-sk-2026-04-11,Movistar KOI,Movistar KOI,Movistar KOI,2:0 横扫,否（无赛前价存档）
LEC,2026-04-11,lol-g2-vit-2026-04-11,Team Vitality,G2 Esports,Team Vitality,2:1 打满,否（无赛前价存档）
LEC,2026-04-11,lol-th-navi-2026-04-11,Natus Vincere,Natus Vincere,Natus Vincere,2:0 横扫,否（无赛前价存档）
LEC,2026-04-12,lol-vit-shft-2026-04-12,Shifters,Team Vitality,Team Vitality,2:1 打满,否（无赛前价存档）
LEC,2026-04-12,lol-th-kc-2026-04-12,Karmine Corp,Karmine Corp,Karmine Corp,2:0 横扫,否（无赛前价存档）
LEC,2026-04-13,lol-gx-shft-2026-04-13,GIANTX,GIANTX,GIANTX,2:0 横扫,否（无赛前价存档）
LEC,2026-04-13,lol-fnc-sk-2026-04-13,SK Gaming,SK Gaming,SK Gaming,2:0 横扫,否（无赛前价存档）
LEC,2026-04-18,lol-gx-navi-2026-04-18,GIANTX,Natus Vincere,Natus Vincere,2:1 打满,否（无赛前价存档）
LEC,2026-04-18,lol-g2-sk-2026-04-18,G2 Esports,G2 Esports,G2 Esports,2:0 横扫,否（无赛前价存档）
LEC,2026-04-19,lol-vit-gx-2026-04-19,Team Vitality,Team Vitality,Team Vitality,2:0 横扫,否（无赛前价存档）
LEC,2026-04-19,lol-th-mkoi-2026-04-19,Movistar KOI,Movistar KOI,Movistar KOI,2:0 横扫,否（无赛前价存档）
LEC,2026-04-20,lol-shft-g2-2026-04-20,G2 Esports,G2 Esports,G2 Esports,2:0 横扫,否（无赛前价存档）
LEC,2026-04-20,lol-sk-kc-2026-04-20,Karmine Corp,Karmine Corp,Karmine Corp,2:0 横扫,否（无赛前价存档）
LEC,2026-04-24,lol-navi-kc-2026-04-24,Karmine Corp,Karmine Corp,Karmine Corp,2:0 横扫,否（无赛前价存档）
LEC,2026-04-24,lol-shft-fnc-2026-04-24,Fnatic,Fnatic,Fnatic,2:0 横扫,否（无赛前价存档）
LEC,2026-04-25,lol-kc-shft-2026-04-25,Karmine Corp,Shifters,Karmine Corp,2:1 打满,否（无赛前价存档）
LEC,2026-04-25,lol-fnc-navi-2026-04-25,Fnatic,Natus Vincere,Natus Vincere,2:1 打满,否（无赛前价存档）
LEC,2026-04-26,lol-shft-navi-2026-04-26,Natus Vincere,Shifters,Natus Vincere,2:1 打满,否（无赛前价存档）
LEC,2026-04-26,lol-kc-fnc-2026-04-26,Fnatic,Karmine Corp,Karmine Corp,2:1 打满,否（无赛前价存档）
LEC,2026-05-02,lol-vit-sk-2026-05-02,Team Vitality,SK Gaming,Team Vitality,2:1 打满,否（无赛前价存档）
LEC,2026-05-02,lol-fnc-th-2026-05-02,Fnatic,Fnatic,Fnatic,2:0 横扫,否（无赛前价存档）
LEC,2026-05-03,lol-th-shft-2026-05-03,Shifters,Shifters,Shifters,2:0 横扫,否（无赛前价存档）
LEC,2026-05-03,lol-g2-navi-2026-05-03,G2 Esports,G2 Esports,G2 Esports,2:0 横扫,否（无赛前价存档）
LEC,2026-05-04,lol-fnc-vit-2026-05-04,Fnatic,Team Vitality,Team Vitality,2:1 打满,否（无赛前价存档）
LEC,2026-05-04,lol-shft-mkoi-2026-05-04,Shifters,Movistar KOI,Movistar KOI,2:1 打满,否（无赛前价存档）
LEC,2026-05-08,lol-kc-g2-2026-05-08,G2 Esports,G2 Esports,G2 Esports,2:0 横扫,否（无赛前价存档）
LEC,2026-05-08,lol-gx-mkoi-2026-05-08,Movistar KOI,Movistar KOI,Movistar KOI,2:0 横扫,否（无赛前价存档）
LEC,2026-05-09,lol-g2-gx-2026-05-09,G2 Esports,G2 Esports,G2 Esports,2:0 横扫,否（无赛前价存档）
LEC,2026-05-09,lol-mkoi-kc-2026-05-09,Karmine Corp,Movistar KOI,Karmine Corp,2:1 打满,否（无赛前价存档）
LEC,2026-05-10,lol-kc-gx-2026-05-10,Karmine Corp,GIANTX,GIANTX,2:1 打满,否（无赛前价存档）
LEC,2026-05-10,lol-mkoi-g2-2026-05-10,Movistar KOI,G2 Esports,Movistar KOI,2:1 打满,否（无赛前价存档）
LEC,2026-07-24,lol-vit-kc-2026-07-24,Karmine Corp,Karmine Corp,Karmine Corp,2:0 横扫,是
LEC,2026-07-24,lol-g2-mkoi-2026-07-24,Movistar KOI,G2 Esports,G2 Esports,2:1 打满,是
LEC,2026-07-25,lol-vit-g2-2026-07-25,G2 Esports,G2 Esports,G2 Esports,2:0 横扫,是
LEC,2026-07-25,lol-kc-mkoi-2026-07-25,Karmine Corp,Karmine Corp,Karmine Corp,2:0 横扫,是
LEC,2026-07-26,lol-mkoi-vit-2026-07-26,Movistar KOI,Team Vitality,Team Vitality,2:1 打满,是
LEC,2026-07-26,lol-g2-kc-2026-07-26,Karmine Corp,G2 Esports,Karmine Corp,2:1 打满,是
LEC,2026-07-31,lol-vit-th-2026-07-31,Team Vitality,Team Vitality,Team Vitality,2:0 横扫,是
LEC,2026-07-31,lol-mkoi-shft-2026-07-31,Shifters,Movistar KOI,Movistar KOI,2:1 打满,是
LEC,2026-08-01,lol-gx-sk-2026-08-01,SK Gaming,GIANTX,SK Gaming,2:1 打满,是
LEC,2026-08-01,lol-kc-navi-2026-08-01,Karmine Corp,Karmine Corp,Karmine Corp,2:0 横扫,是
LEC,2026-08-02,lol-sk-g2-2026-08-02,G2 Esports,G2 Esports,G2 Esports,2:0 横扫,是
LEC,2026-08-02,lol-fnc-mkoi-2026-08-02,Movistar KOI,Fnatic,Movistar KOI,2:1 打满,是
LEC,2026-08-03,lol-navi-shft-2026-08-03,Natus Vincere,Natus Vincere,Natus Vincere,2:0 横扫,否（无赛前价存档）
LEC,2026-08-03,lol-kc-th-2026-08-03,Karmine Corp,Karmine Corp,Karmine Corp,2:0 横扫,是
LEC,2026-08-07,lol-shft-gx-2026-08-07,GIANTX,Shifters,GIANTX,2:1 打满,是
LEC,2026-08-07,lol-th-fnc-2026-08-07,Team Heretics,Fnatic,Team Heretics,2:1 打满,是
LEC,2026-08-08,lol-sk-navi-2026-08-08,Natus Vincere,SK Gaming,Natus Vincere,2:1 打满,是
LEC,2026-08-08,lol-mkoi-gx-2026-08-08,GIANTX,GIANTX,GIANTX,2:0 横扫,是
LPL,2026-04-04,lol-tes-ig1-2026-04-04,Invictus Gaming,Invictus Gaming,Invictus Gaming,2:0 横扫,否（无赛前价存档）
LPL,2026-04-04,lol-wb-al-2026-04-04,Anyone's Legend,Anyone's Legend,Anyone's Legend,2:0 横扫,否（无赛前价存档）
LPL,2026-04-04,lol-we-nip-2026-04-04,Ninjas in Pyjamas,Ninjas in Pyjamas,Ninjas in Pyjamas,2:0 横扫,否（无赛前价存档）
LPL,2026-04-05,lol-tes-al-2026-04-05,Top Esports,Top Esports,Top Esports,2:0 横扫,否（无赛前价存档）
LPL,2026-04-05,lol-jdg-blg-2026-04-05,Bilibili Gaming,JD Gaming,Bilibili Gaming,2:1 打满,否（无赛前价存档）
LPL,2026-04-08,lol-nip-ig1-2026-04-08,Invictus Gaming,Ninjas in Pyjamas,Invictus Gaming,2:1 打满,否（无赛前价存档）
LPL,2026-04-08,lol-tes-we-2026-04-08,Top Esports,Top Esports,Top Esports,2:0 横扫,否（无赛前价存档）
LPL,2026-04-09,lol-we-blg-2026-04-09,Bilibili Gaming,Bilibili Gaming,Bilibili Gaming,2:0 横扫,否（无赛前价存档）
LPL,2026-04-09,lol-wb-nip-2026-04-09,Weibo Gaming,Ninjas in Pyjamas,Ninjas in Pyjamas,2:1 打满,否（无赛前价存档）
LPL,2026-04-10,lol-lng-edg-2026-04-10,LNG Esports,EDward Gaming,EDward Gaming,2:1 打满,否（无赛前价存档）
LPL,2026-04-10,lol-jdg-al-2026-04-10,JD Gaming,JD Gaming,JD Gaming,2:0 横扫,否（无赛前价存档）
LPL,2026-04-11,lol-we-ig1-2026-04-11,Invictus Gaming,Invictus Gaming,Invictus Gaming,2:0 横扫,否（无赛前价存档）
LPL,2026-04-11,lol-tes-jdg-2026-04-11,Top Esports,Top Esports,Top Esports,2:0 横扫,否（无赛前价存档）
LPL,2026-04-12,lol-omg-lgd-2026-04-12,Oh My God,LGD Gaming,LGD Gaming,2:1 打满,否（无赛前价存档）
LPL,2026-04-12,lol-wb-blg-2026-04-12,Bilibili Gaming,Bilibili Gaming,Bilibili Gaming,2:0 横扫,否（无赛前价存档）
LPL,2026-04-15,lol-wb-ig1-2026-04-15,Invictus Gaming,Weibo Gaming,Weibo Gaming,2:1 打满,否（无赛前价存档）
LPL,2026-04-15,lol-up-tt-2026-04-15,ThunderTalk Gaming,ThunderTalk Gaming,ThunderTalk Gaming,2:0 横扫,否（无赛前价存档）
LPL,2026-04-16,lol-tes-blg-2026-04-16,Top Esports,Top Esports,Top Esports,2:0 横扫,否（无赛前价存档）
LPL,2026-04-16,lol-we-al-2026-04-16,Anyone's Legend,Anyone's Legend,Anyone's Legend,2:0 横扫,否（无赛前价存档）
LPL,2026-04-17,lol-tt-omg-2026-04-17,Oh My God,ThunderTalk Gaming,ThunderTalk Gaming,2:1 打满,否（无赛前价存档）
LPL,2026-04-17,lol-nip-jdg-2026-04-17,Ninjas in Pyjamas,Ninjas in Pyjamas,Ninjas in Pyjamas,2:0 横扫,否（无赛前价存档）
LPL,2026-04-18,lol-wb-jdg-2026-04-18,Weibo Gaming,JD Gaming,JD Gaming,2:1 打满,否（无赛前价存档）
LPL,2026-04-18,lol-ig1-blg-2026-04-18,Bilibili Gaming,Invictus Gaming,Bilibili Gaming,2:1 打满,否（无赛前价存档）
LPL,2026-04-19,lol-blg-al-2026-04-19,Bilibili Gaming,Bilibili Gaming,Bilibili Gaming,2:0 横扫,否（无赛前价存档）
LPL,2026-04-19,lol-tes-ig1-2026-04-19,Top Esports,Top Esports,Top Esports,2:0 横扫,否（无赛前价存档）
LPL,2026-04-22,lol-wb-we-2026-04-22,Weibo Gaming,Weibo Gaming,Weibo Gaming,2:0 横扫,否（无赛前价存档）
LPL,2026-04-22,lol-nip-al-2026-04-22,Anyone's Legend,Anyone's Legend,Anyone's Legend,2:0 横扫,否（无赛前价存档）
LPL,2026-04-23,lol-lgd-edg-2026-04-23,LGD Gaming,LGD Gaming,LGD Gaming,2:0 横扫,否（无赛前价存档）
LPL,2026-04-23,lol-nip-blg-2026-04-23,Ninjas in Pyjamas,Ninjas in Pyjamas,Ninjas in Pyjamas,2:0 横扫,否（无赛前价存档）
LPL,2026-04-24,lol-omg-lng-2026-04-24,LNG Esports,LNG Esports,LNG Esports,2:0 横扫,否（无赛前价存档）
LPL,2026-04-24,lol-jdg-ig1-2026-04-24,JD Gaming,JD Gaming,JD Gaming,2:0 横扫,否（无赛前价存档）
LPL,2026-04-25,lol-tes-nip-2026-04-25,Top Esports,Top Esports,Top Esports,2:0 横扫,否（无赛前价存档）
LPL,2026-04-25,lol-we-jdg-2026-04-25,JD Gaming,JD Gaming,JD Gaming,2:0 横扫,否（无赛前价存档）
LPL,2026-04-25,lol-wb-al-2026-04-25,Anyone's Legend,Weibo Gaming,Anyone's Legend,2:1 打满,否（无赛前价存档）
LPL,2026-04-26,lol-wb-blg-2026-04-26,Bilibili Gaming,Bilibili Gaming,Bilibili Gaming,2:0 横扫,否（无赛前价存档）
LPL,2026-04-26,lol-up-lgd-2026-04-26,Ultra Prime,Ultra Prime,Ultra Prime,2:0 横扫,否（无赛前价存档）
LPL,2026-04-28,lol-ig1-al-2026-04-28,Anyone's Legend,Anyone's Legend,Anyone's Legend,2:0 横扫,否（无赛前价存档）
LPL,2026-04-28,lol-wb-tes-2026-04-28,Weibo Gaming,Weibo Gaming,Weibo Gaming,2:0 横扫,否（无赛前价存档）
LPL,2026-04-29,lol-nip-jdg-2026-04-29,JD Gaming,JD Gaming,JD Gaming,2:0 横扫,否（无赛前价存档）
LPL,2026-04-29,lol-we-blg-2026-04-29,Bilibili Gaming,Bilibili Gaming,Bilibili Gaming,2:0 横扫,否（无赛前价存档）
LPL,2026-04-30,lol-tt-lgd-2026-04-30,ThunderTalk Gaming,LGD Gaming,LGD Gaming,2:1 打满,否（无赛前价存档）
LPL,2026-04-30,lol-up-edg-2026-04-30,EDward Gaming,Ultra Prime,EDward Gaming,2:1 打满,否（无赛前价存档）
LPL,2026-05-01,lol-wb-ig1-2026-05-01,Weibo Gaming,Invictus Gaming,Invictus Gaming,2:1 打满,否（无赛前价存档）
LPL,2026-05-01,lol-tes-al-2026-05-01,Anyone's Legend,Anyone's Legend,Anyone's Legend,2:0 横扫,否（无赛前价存档）
LPL,2026-05-02,lol-wb-tes-2026-05-02,Top Esports,Top Esports,Top Esports,2:0 横扫,否（无赛前价存档）
LPL,2026-05-02,lol-we-jdg-2026-05-02,Team WE,JD Gaming,JD Gaming,2:1 打满,否（无赛前价存档）
LPL,2026-05-02,lol-ig1-al-2026-05-02,Anyone's Legend,Anyone's Legend,Anyone's Legend,2:0 横扫,否（无赛前价存档）
LPL,2026-05-03,lol-tt-lng-2026-05-03,LNG Esports,ThunderTalk Gaming,LNG Esports,2:1 打满,否（无赛前价存档）
LPL,2026-05-03,lol-nip-blg-2026-05-03,Bilibili Gaming,Ninjas in Pyjamas,Bilibili Gaming,2:1 打满,否（无赛前价存档）
LPL,2026-05-06,lol-tes-jdg-2026-05-06,JD Gaming,Top Esports,JD Gaming,2:1 打满,否（无赛前价存档）
LPL,2026-05-06,lol-we-ig1-2026-05-06,Team WE,Invictus Gaming,Team WE,2:1 打满,否（无赛前价存档）
LPL,2026-05-07,lol-wb-we-2026-05-07,Weibo Gaming,Team WE,Weibo Gaming,2:1 打满,否（无赛前价存档）
LPL,2026-05-07,lol-nip-al-2026-05-07,Ninjas in Pyjamas,Ninjas in Pyjamas,Ninjas in Pyjamas,2:0 横扫,否（无赛前价存档）
LPL,2026-05-08,lol-up-lng-2026-05-08,LNG Esports,Ultra Prime,LNG Esports,2:1 打满,否（无赛前价存档）
LPL,2026-05-08,lol-jdg-blg-2026-05-08,Bilibili Gaming,Bilibili Gaming,Bilibili Gaming,2:0 横扫,否（无赛前价存档）
LPL,2026-05-09,lol-nip-ig1-2026-05-09,Invictus Gaming,Invictus Gaming,Invictus Gaming,2:0 横扫,否（无赛前价存档）
LPL,2026-05-09,lol-tes-we-2026-05-09,Top Esports,Top Esports,Top Esports,2:0 横扫,否（无赛前价存档）
LPL,2026-05-10,lol-wb-nip-2026-05-10,Weibo Gaming,Weibo Gaming,Weibo Gaming,2:0 横扫,否（无赛前价存档）
LPL,2026-05-10,lol-jdg-al-2026-05-10,JD Gaming,Anyone's Legend,JD Gaming,2:1 打满,否（无赛前价存档）
LPL,2026-05-12,lol-ig1-blg-2026-05-12,Invictus Gaming,Bilibili Gaming,Bilibili Gaming,2:1 打满,否（无赛前价存档）
LPL,2026-05-12,lol-tes-nip-2026-05-12,Ninjas in Pyjamas,Top Esports,Ninjas in Pyjamas,2:1 打满,否（无赛前价存档）
LPL,2026-05-13,lol-we-al-2026-05-13,Team WE,Anyone's Legend,Anyone's Legend,2:1 打满,否（无赛前价存档）
LPL,2026-05-13,lol-omg-edg-2026-05-13,EDward Gaming,Oh My God,EDward Gaming,2:1 打满,否（无赛前价存档）
LPL,2026-05-14,lol-wb-jdg-2026-05-14,Weibo Gaming,JD Gaming,Weibo Gaming,2:1 打满,否（无赛前价存档）
LPL,2026-05-14,lol-lng-lgd-2026-05-14,LNG Esports,LNG Esports,LNG Esports,2:0 横扫,否（无赛前价存档）
LPL,2026-05-15,lol-tes-blg-2026-05-15,Bilibili Gaming,Bilibili Gaming,Bilibili Gaming,2:0 横扫,否（无赛前价存档）
LPL,2026-05-15,lol-up-omg-2026-05-15,Ultra Prime,Ultra Prime,Ultra Prime,2:0 横扫,否（无赛前价存档）
LPL,2026-05-16,lol-tt-edg-2026-05-16,ThunderTalk Gaming,EDward Gaming,ThunderTalk Gaming,2:1 打满,否（无赛前价存档）
LPL,2026-05-16,lol-we-nip-2026-05-16,Ninjas in Pyjamas,Team WE,Ninjas in Pyjamas,2:1 打满,否（无赛前价存档）
LPL,2026-05-17,lol-jdg-ig1-2026-05-17,Invictus Gaming,JD Gaming,JD Gaming,2:1 打满,否（无赛前价存档）
LPL,2026-05-17,lol-blg-al-2026-05-17,Bilibili Gaming,Bilibili Gaming,Bilibili Gaming,2:0 横扫,否（无赛前价存档）
LPL,2026-07-22,lol-lgd-edg-2026-07-22,LGD Gaming,LGD Gaming,LGD Gaming,2:0 横扫,是
LPL,2026-07-22,lol-tes-we-2026-07-22,Top Esports,Top Esports,Top Esports,2:0 横扫,是
LPL,2026-07-23,lol-jdg-al-2026-07-23,JD Gaming,Anyone's Legend,Anyone's Legend,2:1 打满,是
LPL,2026-07-23,lol-blg-tt-2026-07-23,Bilibili Gaming,ThunderTalk Gaming,Bilibili Gaming,2:1 打满,是
LPL,2026-07-24,lol-al-lgd-2026-07-24,Anyone's Legend,Anyone's Legend,Anyone's Legend,2:0 横扫,是
LPL,2026-07-24,lol-we-jdg-2026-07-24,Team WE,JD Gaming,Team WE,2:1 打满,是
LPL,2026-07-24,lol-edg-blg-2026-07-24,EDward Gaming,Bilibili Gaming,Bilibili Gaming,2:1 打满,是
LPL,2026-07-25,lol-lgd-we-2026-07-25,Team WE,Team WE,Team WE,2:0 横扫,是
LPL,2026-07-25,lol-ig1-wb-2026-07-25,Weibo Gaming,Invictus Gaming,Invictus Gaming,2:1 打满,是
LPL,2026-07-25,lol-tes-tt-2026-07-25,Top Esports,ThunderTalk Gaming,Top Esports,2:1 打满,是
LPL,2026-07-26,lol-lng-nip-2026-07-26,Ninjas in Pyjamas,Ninjas in Pyjamas,Ninjas in Pyjamas,2:0 横扫,是
LPL,2026-07-26,lol-tt-edg-2026-07-26,ThunderTalk Gaming,ThunderTalk Gaming,ThunderTalk Gaming,2:0 横扫,是
LPL,2026-07-26,lol-al-blg-2026-07-26,Bilibili Gaming,Anyone's Legend,Bilibili Gaming,2:1 打满,是
LPL,2026-07-29,lol-tes-al-2026-07-29,Anyone's Legend,Anyone's Legend,Anyone's Legend,2:0 横扫,是
LPL,2026-07-29,lol-blg-lgd-2026-07-29,Bilibili Gaming,LGD Gaming,Bilibili Gaming,2:1 打满,是
LPL,2026-07-30,lol-nip-wb-2026-07-30,Ninjas in Pyjamas,Ninjas in Pyjamas,Ninjas in Pyjamas,2:0 横扫,是
LPL,2026-07-30,lol-edg-we-2026-07-30,Team WE,Team WE,Team WE,2:0 横扫,是
LPL,2026-07-30,lol-tt-jdg-2026-07-30,ThunderTalk Gaming,JD Gaming,JD Gaming,2:1 打满,是
LPL,2026-07-31,lol-al-edg-2026-07-31,Anyone's Legend,Anyone's Legend,Anyone's Legend,2:0 横扫,是
LPL,2026-07-31,lol-we-blg-2026-07-31,Bilibili Gaming,Bilibili Gaming,Bilibili Gaming,2:0 横扫,是
LPL,2026-08-01,lol-al-tt-2026-08-01,Anyone's Legend,Anyone's Legend,Anyone's Legend,2:0 横扫,是
LPL,2026-08-01,lol-lgd-tes-2026-08-01,LGD Gaming,Top Esports,Top Esports,2:1 打满,是
LPL,2026-08-01,lol-jdg-blg-2026-08-01,Bilibili Gaming,Bilibili Gaming,Bilibili Gaming,2:0 横扫,是
LPL,2026-08-02,lol-tt-we-2026-08-02,ThunderTalk Gaming,Team WE,Team WE,2:1 打满,是
LPL,2026-08-02,lol-lng-ig1-2026-08-02,Invictus Gaming,Invictus Gaming,Invictus Gaming,2:0 横扫,是
LPL,2026-08-02,lol-tes-jdg-2026-08-02,Top Esports,Top Esports,Top Esports,2:0 横扫,是
LPL,2026-08-05,lol-jdg-lgd-2026-08-05,JD Gaming,LGD Gaming,JD Gaming,2:1 打满,是
LPL,2026-08-05,lol-edg-tes-2026-08-05,Top Esports,Top Esports,Top Esports,2:0 横扫,是
LPL,2026-08-05,lol-domi-hype-2026-08-05,Hyperion,Dominion Goblins,Hyperion,2:1 打满,是
LPL,2026-08-05,lol-nort-wd-2026-08-05,White Dragons,White Dragons,White Dragons,2:0 横扫,是
LPL,2026-08-06,lol-lgd-tt-2026-08-06,LGD Gaming,ThunderTalk Gaming,ThunderTalk Gaming,2:1 打满,是
LPL,2026-08-06,lol-ig1-nip-2026-08-06,Invictus Gaming,Ninjas in Pyjamas,Ninjas in Pyjamas,2:1 打满,是
LPL,2026-08-06,lol-we-al-2026-08-06,Team WE,Team WE,Team WE,2:0 横扫,是
LPL,2026-08-06,lol-zzg-exg-2026-08-06,EXSAD Gaming,ZeroZone Gaming,ZeroZone Gaming,2:1 打满,是
LPL,2026-08-06,lol-tung-pane-2026-08-06,Tung Tung Bogi,Panelão LHC,Tung Tung Bogi,2:1 打满,是
LPL,2026-08-07,lol-jdg-edg-2026-08-07,JD Gaming,JD Gaming,JD Gaming,2:0 横扫,是
LPL,2026-08-07,lol-we-tt-2026-08-07,ThunderTalk Gaming,Team WE,ThunderTalk Gaming,2:1 打满,是
LPL,2026-08-07,lol-blg-tes-2026-08-07,Top Esports,Top Esports,Top Esports,2:0 横扫,是
LPL,2026-08-08,lol-lgd-al-2026-08-08,Anyone's Legend,Anyone's Legend,Anyone's Legend,2:0 横扫,是
LPL,2026-08-08,lol-blg-edg-2026-08-08,Bilibili Gaming,Bilibili Gaming,Bilibili Gaming,2:0 横扫,是
LPL,2026-08-08,lol-wb-lng-2026-08-08,Weibo Gaming,Weibo Gaming,Weibo Gaming,2:0 横扫,是
